{
   "113":
   {
      "mean": [ 1.89640454e-04,  2.45023214e-03, -3.25982747e-03, -9.49377320e-04,
         2.33554056e-03, -1.51525628e-03,  4.76474751e-04, -1.49520061e-04,
         6.36214885e-04, -6.14798586e-05, -1.13355707e-03,  1.31782054e-03,
         4.00426934e-03, -5.62889907e-03,  2.44017192e-03], 
      "max": [0.10918009, 0.12375022, 0.10868417, 0.21793849, 0.10950721,
         0.17398308, 0.11530744, 0.14011354, 0.15022652, 0.11383032,
         0.1146664 , 0.02382623, 0.17235546, 0.16076966, 0.14360831], 
      "min": [-0.03635407, -0.03902118, -0.03027829, -0.04709719, -0.03137994,
         -0.04640179, -0.04266909, -0.03749485, -0.03962139, -0.03296135,
         -0.04032999, -0.02420549, -0.04856366, -0.04784021, -0.03540419], 
      "median": [-2.36711186e-03, -4.20065136e-04, -2.80603046e-03, -2.81315825e-03,
         9.59158303e-05, -1.69241127e-03, -7.39299870e-04, -6.77601745e-04,
         -4.57175088e-03, -1.52346722e-03, -8.34252864e-04,  9.99700845e-04,
         7.79360024e-04, -4.12027866e-03, -2.08346137e-04],
      "Sample_Entropy" : [4.6577904, 3.77923669, "inf", "inf", 3.90537069, "inf", 
                                 4.06710803, "inf", 4.11082499, 3.47481258, 3.39392416, 5.13248087, 
                                 3.8056861, 4.11933774, 3.60760073], 
      "cross_zero" : [8, 11, 26, 10, 16, 15,  9, 25,  9, 19, 28, 15, 14, 10, 22]
   },
   "114": 
   {
      "mean": [ 3.93961482e-03, -4.30246080e-03,  1.33768410e-03, -1.43742871e-03,
       -6.99085706e-05,  2.49211837e-04, -3.75309483e-04, -2.44694126e-04,
        7.46871884e-04,  1.74240776e-04,  6.19021388e-05, -5.21657304e-04,
        1.97091181e-04,  1.50482747e-04, -1.58061418e-03], 
      "max": [0.19193086, 0.04243482, 0.11372282, 0.12133679, 0.16249448,
       0.06973318, 0.10378977, 0.18858303, 0.13288884, 0.12310742,
       0.11755112, 0.15036857, 0.10239473, 0.11092665, 0.16742921], 
      "min": [-0.04998174, -0.05293727, -0.03176543, -0.04298883, -0.04291508,
       -0.02977514, -0.03023492, -0.04884565, -0.03237771, -0.03378818,
       -0.03750407, -0.03973756, -0.03158055, -0.03787395, -0.04906659], 
      "median": [-0.00214049,  0.00026038,  0.00041553, -0.00227624, -0.00142217,
       -0.0001646 , -0.00235255, -0.00031246, -0.00156106, -0.00181537,
       -0.00138072, -0.00064118, -0.00159982, -0.00123883, -0.00016157],
      "Sample_Entropy": [3.56270961, 4.32512739, "inf", 3.78894412, 3.88063495,
      4.17563165, "inf", 3.22000257, 3.58447739, 3.57182078, "inf", "inf", 3.76911993, 3.75503432, 3.44168579],
      "cross_zero": [17, 11, 22,  6, 14, 24,  9, 13, 15, 29, 23, 28, 26, 20, 18]
   }
}